read,delay,Average,Max,Min,Std. Dev,Count > 16.66,Count <= 10
1,7.5,8.001405,19.14,3.48,2.305097788,8,1538
2,5.24,,,,,,
3,10.08,,,,,,
4,8.16,,,,,,
5,8.55,,,,,,
6,5.97,,,,,,
7,10.91,,,,,,
8,8.06,,,,,,
9,4.91,,,,,,
10,10.64,,,,,,
11,7.89,,,,,,
12,4.82,,,,,,
13,8.86,,,,,,
14,5.94,,,,,,
15,11.52,,,,,,
16,9.13,,,,,,
17,6.44,,,,,,
18,11.39,,,,,,
19,8.22,,,,,,
20,5.49,,,,,,
21,11.19,,,,,,
22,8.25,,,,,,
23,5.19,,,,,,
24,9.62,,,,,,
25,7.12,,,,,,
26,4.75,,,,,,
27,10.02,,,,,,
28,7.69,,,,,,
29,4.93,,,,,,
30,8.94,,,,,,
31,6.66,,,,,,
32,4.2,,,,,,
33,9.4,,,,,,
34,6.85,,,,,,
35,4.56,,,,,,
36,8.72,,,,,,
37,6.02,,,,,,
38,3.56,,,,,,
39,8.76,,,,,,
40,5.9,,,,,,
41,9.93,,,,,,
42,7.56,,,,,,
43,4.78,,,,,,
44,9.94,,,,,,
45,6.78,,,,,,
46,11.12,,,,,,
47,8.52,,,,,,
48,6.04,,,,,,
49,11.52,,,,,,
50,8.54,,,,,,
51,6.12,,,,,,
52,11.06,,,,,,
53,8.64,,,,,,
54,6.1,,,,,,
55,3.93,,,,,,
56,9.78,,,,,,
57,6.9,,,,,,
58,10.96,,,,,,
59,8.06,,,,,,
60,5.38,,,,,,
61,11.28,,,,,,
62,8.85,,,,,,
63,6.12,,,,,,
64,10.18,,,,,,
65,7.28,,,,,,
66,5.44,,,,,,
67,9.84,,,,,,
68,7.7,,,,,,
69,4.65,,,,,,
70,8.78,,,,,,
71,6.61,,,,,,
72,11.18,,,,,,
73,8.74,,,,,,
74,5.6,,,,,,
75,10.26,,,,,,
76,8.15,,,,,,
77,5.27,,,,,,
78,10.27,,,,,,
79,7.18,,,,,,
80,11.33,,,,,,
81,10.07,,,,,,
82,7.32,,,,,,
83,4.72,,,,,,
84,9.03,,,,,,
85,6.76,,,,,,
86,4.46,,,,,,
87,9.78,,,,,,
88,7.09,,,,,,
89,4.38,,,,,,
90,9.14,,,,,,
91,6.86,,,,,,
92,4.26,,,,,,
93,9.79,,,,,,
94,7.31,,,,,,
95,4.91,,,,,,
96,9.78,,,,,,
97,7.07,,,,,,
98,12.18,,,,,,
99,9.22,,,,,,
100,6.46,,,,,,
101,10.73,,,,,,
102,8.17,,,,,,
103,5.56,,,,,,
104,11.42,,,,,,
105,8.75,,,,,,
106,5.65,,,,,,
107,9.73,,,,,,
108,6.71,,,,,,
109,4.38,,,,,,
110,10,,,,,,
111,7.66,,,,,,
112,5.04,,,,,,
113,9.73,,,,,,
114,6.65,,,,,,
115,12.06,,,,,,
116,9.7,,,,,,
117,6.73,,,,,,
118,4.33,,,,,,
119,8.66,,,,,,
120,6.21,,,,,,
121,12.04,,,,,,
122,9.48,,,,,,
123,6.32,,,,,,
124,10.88,,,,,,
125,8.41,,,,,,
126,5.66,,,,,,
127,11.07,,,,,,
128,8.88,,,,,,
129,6.32,,,,,,
130,10.34,,,,,,
131,8.07,,,,,,
132,5.3,,,,,,
133,11.3,,,,,,
134,8.15,,,,,,
135,5.03,,,,,,
136,9.63,,,,,,
137,7.38,,,,,,
138,4.32,,,,,,
139,16.74,,,,,,
140,6.58,,,,,,
141,10.85,,,,,,
142,7.94,,,,,,
143,5.06,,,,,,
144,10.15,,,,,,
145,7.36,,,,,,
146,4.37,,,,,,
147,8.63,,,,,,
148,6.38,,,,,,
149,11.74,,,,,,
150,8.77,,,,,,
151,5.94,,,,,,
152,10.53,,,,,,
153,7.88,,,,,,
154,5.7,,,,,,
155,9.7,,,,,,
156,8.4,,,,,,
157,6.1,,,,,,
158,10.77,,,,,,
159,8.1,,,,,,
160,5.74,,,,,,
161,11.44,,,,,,
162,8.44,,,,,,
163,5.35,,,,,,
164,10.23,,,,,,
165,7.88,,,,,,
166,5.18,,,,,,
167,10.36,,,,,,
168,7.38,,,,,,
169,4.96,,,,,,
170,9.85,,,,,,
171,7.42,,,,,,
172,4.37,,,,,,
173,10.02,,,,,,
174,7.3,,,,,,
175,4.88,,,,,,
176,9.43,,,,,,
177,6.92,,,,,,
178,12.19,,,,,,
179,9.14,,,,,,
180,6.38,,,,,,
181,10.8,,,,,,
182,8.41,,,,,,
183,5.6,,,,,,
184,10.63,,,,,,
185,8.03,,,,,,
186,5.66,,,,,,
187,10.33,,,,,,
188,7.6,,,,,,
189,5.15,,,,,,
190,10.79,,,,,,
191,8.12,,,,,,
192,5.02,,,,,,
193,9.37,,,,,,
194,6.76,,,,,,
195,4.41,,,,,,
196,9.45,,,,,,
197,6.55,,,,,,
198,10.56,,,,,,
199,7.74,,,,,,
200,5.02,,,,,,
201,10.98,,,,,,
202,8.81,,,,,,
203,5.95,,,,,,
204,10.78,,,,,,
205,8.34,,,,,,
206,5.84,,,,,,
207,11.02,,,,,,
208,8.48,,,,,,
209,5.56,,,,,,
210,9.74,,,,,,
211,6.54,,,,,,
212,4.32,,,,,,
213,9.67,,,,,,
214,7.1,,,,,,
215,4.34,,,,,,
216,8.79,,,,,,
217,5.78,,,,,,
218,11.59,,,,,,
219,8.72,,,,,,
220,6.31,,,,,,
221,10.5,,,,,,
222,7.9,,,,,,
223,4.91,,,,,,
224,10.3,,,,,,
225,7.78,,,,,,
226,4.72,,,,,,
227,8.7,,,,,,
228,5.72,,,,,,
229,10.92,,,,,,
230,8.32,,,,,,
231,5.23,,,,,,
232,9.86,,,,,,
233,7.07,,,,,,
234,4.54,,,,,,
235,9.71,,,,,,
236,6.99,,,,,,
237,4.62,,,,,,
238,8.69,,,,,,
239,5.74,,,,,,
240,11.04,,,,,,
241,8.4,,,,,,
242,6.16,,,,,,
243,10.95,,,,,,
244,8.02,,,,,,
245,5.14,,,,,,
246,10.69,,,,,,
247,7.62,,,,,,
248,4.92,,,,,,
249,8.92,,,,,,
250,6.23,,,,,,
251,11.56,,,,,,
252,9.28,,,,,,
253,6.85,,,,,,
254,4.28,,,,,,
255,8.44,,,,,,
256,5.62,,,,,,
257,10.8,,,,,,
258,7.57,,,,,,
259,4.66,,,,,,
260,8.87,,,,,,
261,6.47,,,,,,
262,11.74,,,,,,
263,8.98,,,,,,
264,6.7,,,,,,
265,4.14,,,,,,
266,8.37,,,,,,
267,6.11,,,,,,
268,12.03,,,,,,
269,8.98,,,,,,
270,6.53,,,,,,
271,4.23,,,,,,
272,9.06,,,,,,
273,6.11,,,,,,
274,18.74,,,,,,
275,9.11,,,,,,
276,6.4,,,,,,
277,11.21,,,,,,
278,8.74,,,,,,
279,5.98,,,,,,
280,11.34,,,,,,
281,8.51,,,,,,
282,5.6,,,,,,
283,10.07,,,,,,
284,7.74,,,,,,
285,4.57,,,,,,
286,10.16,,,,,,
287,7.42,,,,,,
288,4.42,,,,,,
289,8.91,,,,,,
290,6.33,,,,,,
291,11.6,,,,,,
292,9.33,,,,,,
293,6.75,,,,,,
294,11.02,,,,,,
295,8.65,,,,,,
296,6.3,,,,,,
297,11.74,,,,,,
298,9.07,,,,,,
299,6.46,,,,,,
300,10.84,,,,,,
301,7.89,,,,,,
302,5.37,,,,,,
303,11.07,,,,,,
304,8.7,,,,,,
305,6.49,,,,,,
306,4.39,,,,,,
307,8.62,,,,,,
308,6.04,,,,,,
309,11.63,,,,,,
310,9.04,,,,,,
311,6.41,,,,,,
312,11.11,,,,,,
313,8.95,,,,,,
314,5.86,,,,,,
315,11.68,,,,,,
316,9.34,,,,,,
317,6.63,,,,,,
318,11.03,,,,,,
319,8.61,,,,,,
320,6.2,,,,,,
321,11.86,,,,,,
322,8.98,,,,,,
323,5.91,,,,,,
324,10.25,,,,,,
325,7.22,,,,,,
326,4.33,,,,,,
327,10.19,,,,,,
328,7.38,,,,,,
329,4.5,,,,,,
330,8.77,,,,,,
331,5.9,,,,,,
332,11.65,,,,,,
333,9.47,,,,,,
334,6.65,,,,,,
335,11.05,,,,,,
336,7.99,,,,,,
337,4.92,,,,,,
338,10.6,,,,,,
339,8.06,,,,,,
340,5.66,,,,,,
341,10.39,,,,,,
342,7.24,,,,,,
343,12.32,,,,,,
344,9.22,,,,,,
345,6.5,,,,,,
346,10.75,,,,,,
347,7.62,,,,,,
348,4.83,,,,,,
349,10.71,,,,,,
350,8.28,,,,,,
351,6.1,,,,,,
352,10.17,,,,,,
353,7.94,,,,,,
354,4.91,,,,,,
355,10.76,,,,,,
356,8.45,,,,,,
357,5.67,,,,,,
358,10.32,,,,,,
359,7.77,,,,,,
360,5.15,,,,,,
361,10.85,,,,,,
362,8.04,,,,,,
363,5.1,,,,,,
364,10.09,,,,,,
365,7.34,,,,,,
366,5.01,,,,,,
367,10.1,,,,,,
368,7.29,,,,,,
369,4.66,,,,,,
370,8.68,,,,,,
371,5.71,,,,,,
372,11.45,,,,,,
373,8.88,,,,,,
374,6.38,,,,,,
375,10.92,,,,,,
376,8.64,,,,,,
377,5.68,,,,,,
378,11.29,,,,,,
379,8.45,,,,,,
380,5.8,,,,,,
381,10.36,,,,,,
382,7.25,,,,,,
383,4.22,,,,,,
384,10.13,,,,,,
385,6.94,,,,,,
386,4.12,,,,,,
387,8.2,,,,,,
388,5.08,,,,,,
389,10.13,,,,,,
390,7.73,,,,,,
391,5.05,,,,,,
392,9.84,,,,,,
393,6.74,,,,,,
394,12.22,,,,,,
395,9.56,,,,,,
396,7.06,,,,,,
397,4.87,,,,,,
398,9.15,,,,,,
399,6.02,,,,,,
400,11.06,,,,,,
401,8.13,,,,,,
402,5.05,,,,,,
403,9.2,,,,,,
404,6.43,,,,,,
405,11.92,,,,,,
406,9.18,,,,,,
407,6.73,,,,,,
408,10.91,,,,,,
409,8.46,,,,,,
410,5.38,,,,,,
411,10.33,,,,,,
412,7.17,,,,,,
413,4.95,,,,,,
414,9.21,,,,,,
415,6.37,,,,,,
416,11.38,,,,,,
417,8.96,,,,,,
418,6.48,,,,,,
419,10.69,,,,,,
420,8.2,,,,,,
421,5.8,,,,,,
422,11.22,,,,,,
423,8.21,,,,,,
424,5.9,,,,,,
425,10.61,,,,,,
426,7.48,,,,,,
427,4.58,,,,,,
428,9.84,,,,,,
429,7.57,,,,,,
430,4.85,,,,,,
431,9.23,,,,,,
432,6.3,,,,,,
433,11.36,,,,,,
434,8.62,,,,,,
435,5.87,,,,,,
436,10.07,,,,,,
437,7.66,,,,,,
438,5.39,,,,,,
439,10.97,,,,,,
440,8.52,,,,,,
441,5.71,,,,,,
442,10.24,,,,,,
443,7.72,,,,,,
444,5.5,,,,,,
445,11.49,,,,,,
446,8.54,,,,,,
447,5.55,,,,,,
448,10.46,,,,,,
449,8.21,,,,,,
450,5.49,,,,,,
451,11.16,,,,,,
452,8.79,,,,,,
453,6.4,,,,,,
454,10.87,,,,,,
455,7.97,,,,,,
456,5.17,,,,,,
457,10.72,,,,,,
458,7.94,,,,,,
459,5.18,,,,,,
460,9.93,,,,,,
461,6.62,,,,,,
462,10.84,,,,,,
463,9.21,,,,,,
464,6.68,,,,,,
465,11.34,,,,,,
466,9,,,,,,
467,5.94,,,,,,
468,11.72,,,,,,
469,8.77,,,,,,
470,6.41,,,,,,
471,11.26,,,,,,
472,8.23,,,,,,
473,5.64,,,,,,
474,11,,,,,,
475,8.18,,,,,,
476,5.44,,,,,,
477,10.07,,,,,,
478,7.03,,,,,,
479,4.52,,,,,,
480,9.54,,,,,,
481,6.9,,,,,,
482,4.35,,,,,,
483,9.13,,,,,,
484,6.02,,,,,,
485,11.82,,,,,,
486,9.52,,,,,,
487,7.03,,,,,,
488,11.03,,,,,,
489,8.62,,,,,,
490,6.23,,,,,,
491,12.05,,,,,,
492,9.51,,,,,,
493,7.04,,,,,,
494,11.16,,,,,,
495,8.04,,,,,,
496,5.26,,,,,,
497,10.6,,,,,,
498,8.25,,,,,,
499,5.49,,,,,,
500,9.6,,,,,,
501,7.05,,,,,,
502,12.09,,,,,,
503,9.19,,,,,,
504,6.1,,,,,,
505,10.26,,,,,,
506,7.45,,,,,,
507,4.38,,,,,,
508,9.69,,,,,,
509,6.76,,,,,,
510,11.05,,,,,,
511,8.21,,,,,,
512,5.98,,,,,,
513,11.83,,,,,,
514,9.48,,,,,,
515,7.1,,,,,,
516,4.42,,,,,,
517,8.76,,,,,,
518,6.26,,,,,,
519,11.54,,,,,,
520,8.75,,,,,,
521,5.95,,,,,,
522,10.4,,,,,,
523,7.51,,,,,,
524,4.53,,,,,,
525,9.7,,,,,,
526,6.98,,,,,,
527,4.34,,,,,,
528,8.78,,,,,,
529,6.57,,,,,,
530,12.1,,,,,,
531,8.96,,,,,,
532,6.14,,,,,,
533,11.05,,,,,,
534,8.17,,,,,,
535,5.92,,,,,,
536,11.56,,,,,,
537,9.3,,,,,,
538,6.18,,,,,,
539,10.89,,,,,,
540,8.69,,,,,,
541,5.81,,,,,,
542,11.59,,,,,,
543,8.46,,,,,,
544,5.34,,,,,,
545,9.54,,,,,,
546,6.59,,,,,,
547,11.78,,,,,,
548,9.42,,,,,,
549,6.36,,,,,,
550,10.48,,,,,,
551,7.77,,,,,,
552,4.82,,,,,,
553,10.66,,,,,,
554,8.11,,,,,,
555,5.75,,,,,,
556,9.76,,,,,,
557,7.1,,,,,,
558,4.84,,,,,,
559,10.32,,,,,,
560,7.46,,,,,,
561,4.8,,,,,,
562,9.28,,,,,,
563,6.7,,,,,,
564,11.7,,,,,,
565,9.28,,,,,,
566,6.9,,,,,,
567,4.48,,,,,,
568,8.68,,,,,,
569,5.98,,,,,,
570,11.25,,,,,,
571,8.11,,,,,,
572,5.06,,,,,,
573,9.25,,,,,,
574,6.36,,,,,,
575,11.59,,,,,,
576,9.35,,,,,,
577,6.33,,,,,,
578,10.37,,,,,,
579,8.18,,,,,,
580,5.97,,,,,,
581,19.14,,,,,,
582,9.02,,,,,,
583,6.54,,,,,,
584,10.79,,,,,,
585,8.06,,,,,,
586,5.44,,,,,,
587,10.53,,,,,,
588,8.25,,,,,,
589,6.03,,,,,,
590,10.15,,,,,,
591,7.96,,,,,,
592,5.44,,,,,,
593,11.47,,,,,,
594,8.38,,,,,,
595,5.92,,,,,,
596,10.29,,,,,,
597,7.83,,,,,,
598,4.88,,,,,,
599,10.52,,,,,,
600,15.34,,,,,,
601,5.26,,,,,,
602,9.5,,,,,,
603,7.26,,,,,,
604,4.7,,,,,,
605,10.36,,,,,,
606,7.48,,,,,,
607,4.5,,,,,,
608,8.96,,,,,,
609,6.64,,,,,,
610,4.24,,,,,,
611,9.34,,,,,,
612,6.64,,,,,,
613,11.26,,,,,,
614,8.86,,,,,,
615,5.67,,,,,,
616,11.62,,,,,,
617,8.62,,,,,,
618,6.32,,,,,,
619,10.63,,,,,,
620,8.24,,,,,,
621,5.22,,,,,,
622,11.19,,,,,,
623,8.44,,,,,,
624,5.88,,,,,,
625,9.95,,,,,,
626,7.48,,,,,,
627,4.54,,,,,,
628,10.02,,,,,,
629,7.57,,,,,,
630,4.61,,,,,,
631,9.21,,,,,,
632,6.01,,,,,,
633,11.98,,,,,,
634,9.56,,,,,,
635,6.41,,,,,,
636,10.7,,,,,,
637,7.58,,,,,,
638,4.57,,,,,,
639,9.82,,,,,,
640,6.95,,,,,,
641,11.39,,,,,,
642,8.57,,,,,,
643,6.35,,,,,,
644,18.54,,,,,,
645,8.53,,,,,,
646,5.48,,,,,,
647,9.6,,,,,,
648,6.79,,,,,,
649,11.88,,,,,,
650,9,,,,,,
651,5.97,,,,,,
652,10.35,,,,,,
653,8.15,,,,,,
654,5.49,,,,,,
655,10.78,,,,,,
656,7.8,,,,,,
657,5.26,,,,,,
658,10.1,,,,,,
659,7,,,,,,
660,4.4,,,,,,
661,10.3,,,,,,
662,7.66,,,,,,
663,5.36,,,,,,
664,9.89,,,,,,
665,6.99,,,,,,
666,12.16,,,,,,
667,9.95,,,,,,
668,7.57,,,,,,
669,4.66,,,,,,
670,8.71,,,,,,
671,6.3,,,,,,
672,11.38,,,,,,
673,8.92,,,,,,
674,6.18,,,,,,
675,10.44,,,,,,
676,7.56,,,,,,
677,4.54,,,,,,
678,10.22,,,,,,
679,7.5,,,,,,
680,5.18,,,,,,
681,9.49,,,,,,
682,7.2,,,,,,
683,6.04,,,,,,
684,10.34,,,,,,
685,7.19,,,,,,
686,4.32,,,,,,
687,8.54,,,,,,
688,5.59,,,,,,
689,11.06,,,,,,
690,8.24,,,,,,
691,5.45,,,,,,
692,9.47,,,,,,
693,7.3,,,,,,
694,11.34,,,,,,
695,8.69,,,,,,
696,5.98,,,,,,
697,10.71,,,,,,
698,8.21,,,,,,
699,6.78,,,,,,
700,18.55,,,,,,
701,8.88,,,,,,
702,6.22,,,,,,
703,10.43,,,,,,
704,9.06,,,,,,
705,6.68,,,,,,
706,10.81,,,,,,
707,8.07,,,,,,
708,5.54,,,,,,
709,10.09,,,,,,
710,7.97,,,,,,
711,4.96,,,,,,
712,9.15,,,,,,
713,6.13,,,,,,
714,11.22,,,,,,
715,8.93,,,,,,
716,6.01,,,,,,
717,10.87,,,,,,
718,7.99,,,,,,
719,5.62,,,,,,
720,11.22,,,,,,
721,8.41,,,,,,
722,5.58,,,,,,
723,9.92,,,,,,
724,6.76,,,,,,
725,4.28,,,,,,
726,9.82,,,,,,
727,6.63,,,,,,
728,10.92,,,,,,
729,7.97,,,,,,
730,4.78,,,,,,
731,10.12,,,,,,
732,7.55,,,,,,
733,11.72,,,,,,
734,8.58,,,,,,
735,5.5,,,,,,
736,10.72,,,,,,
737,8.16,,,,,,
738,5.77,,,,,,
739,10.37,,,,,,
740,7.51,,,,,,
741,5.14,,,,,,
742,10.73,,,,,,
743,8.38,,,,,,
744,5.77,,,,,,
745,10.04,,,,,,
746,6.92,,,,,,
747,4.73,,,,,,
748,9.79,,,,,,
749,6.77,,,,,,
750,11.35,,,,,,
751,8.71,,,,,,
752,5.61,,,,,,
753,10.71,,,,,,
754,7.72,,,,,,
755,5.13,,,,,,
756,9.96,,,,,,
757,7.58,,,,,,
758,4.59,,,,,,
759,10.13,,,,,,
760,7.01,,,,,,
761,11.4,,,,,,
762,8.77,,,,,,
763,6.3,,,,,,
764,11.51,,,,,,
765,8.57,,,,,,
766,6.04,,,,,,
767,10.54,,,,,,
768,7.41,,,,,,
769,4.36,,,,,,
770,9.04,,,,,,
771,6.3,,,,,,
772,4.09,,,,,,
773,9.35,,,,,,
774,6.98,,,,,,
775,4.36,,,,,,
776,8.41,,,,,,
777,5.38,,,,,,
778,10.7,,,,,,
779,8.18,,,,,,
780,5.87,,,,,,
781,10.13,,,,,,
782,6.94,,,,,,
783,4.38,,,,,,
784,10.23,,,,,,
785,7.93,,,,,,
786,5.74,,,,,,
787,10.67,,,,,,
788,7.56,,,,,,
789,6.22,,,,,,
790,11.18,,,,,,
791,8.66,,,,,,
792,5.64,,,,,,
793,9.92,,,,,,
794,7.22,,,,,,
795,5.78,,,,,,
796,9.8,,,,,,
797,7.54,,,,,,
798,4.84,,,,,,
799,8.89,,,,,,
800,6.87,,,,,,
801,11.7,,,,,,
802,9.37,,,,,,
803,6.46,,,,,,
804,4.2,,,,,,
805,9.74,,,,,,
806,7.1,,,,,,
807,11.4,,,,,,
808,8.67,,,,,,
809,6.15,,,,,,
810,11.73,,,,,,
811,9.21,,,,,,
812,6.94,,,,,,
813,11.7,,,,,,
814,8.88,,,,,,
815,5.79,,,,,,
816,11.54,,,,,,
817,8.62,,,,,,
818,6.02,,,,,,
819,10.62,,,,,,
820,8,,,,,,
821,4.79,,,,,,
822,9.99,,,,,,
823,7.14,,,,,,
824,4.86,,,,,,
825,9.54,,,,,,
826,6.6,,,,,,
827,4.12,,,,,,
828,9.93,,,,,,
829,7.3,,,,,,
830,11.9,,,,,,
831,8.98,,,,,,
832,5.87,,,,,,
833,11.72,,,,,,
834,8.75,,,,,,
835,6.08,,,,,,
836,10.84,,,,,,
837,8.5,,,,,,
838,5.73,,,,,,
839,11.3,,,,,,
840,8.2,,,,,,
841,5.74,,,,,,
842,9.93,,,,,,
843,7.35,,,,,,
844,4.84,,,,,,
845,10.17,,,,,,
846,7.5,,,,,,
847,11.63,,,,,,
848,8.68,,,,,,
849,6.44,,,,,,
850,11.75,,,,,,
851,9.21,,,,,,
852,6.88,,,,,,
853,11.81,,,,,,
854,9.28,,,,,,
855,6.95,,,,,,
856,4.36,,,,,,
857,10.32,,,,,,
858,7.31,,,,,,
859,11.9,,,,,,
860,9.14,,,,,,
861,5.95,,,,,,
862,3.76,,,,,,
863,9.16,,,,,,
864,6.03,,,,,,
865,10.67,,,,,,
866,8.4,,,,,,
867,5.62,,,,,,
868,10.96,,,,,,
869,7.86,,,,,,
870,5.4,,,,,,
871,9.59,,,,,,
872,6.95,,,,,,
873,4.41,,,,,,
874,9.65,,,,,,
875,6.62,,,,,,
876,11.17,,,,,,
877,8.45,,,,,,
878,6.26,,,,,,
879,11.42,,,,,,
880,8.54,,,,,,
881,5.87,,,,,,
882,10.21,,,,,,
883,7.18,,,,,,
884,4.72,,,,,,
885,10.45,,,,,,
886,8.23,,,,,,
887,5.35,,,,,,
888,9.76,,,,,,
889,7.16,,,,,,
890,4.5,,,,,,
891,10.2,,,,,,
892,7.68,,,,,,
893,5.31,,,,,,
894,10.08,,,,,,
895,7.66,,,,,,
896,4.98,,,,,,
897,10.21,,,,,,
898,7.3,,,,,,
899,11.83,,,,,,
900,8.78,,,,,,
901,5.92,,,,,,
902,11.8,,,,,,
903,9.43,,,,,,
904,6.96,,,,,,
905,11.08,,,,,,
906,8.61,,,,,,
907,6.05,,,,,,
908,11.15,,,,,,
909,8,,,,,,
910,5.73,,,,,,
911,10.68,,,,,,
912,7.8,,,,,,
913,5.03,,,,,,
914,10.29,,,,,,
915,7.51,,,,,,
916,5.02,,,,,,
917,8.98,,,,,,
918,5.89,,,,,,
919,11.28,,,,,,
920,8.81,,,,,,
921,6.68,,,,,,
922,10.72,,,,,,
923,8.57,,,,,,
924,5.48,,,,,,
925,9.47,,,,,,
926,7.34,,,,,,
927,5.72,,,,,,
928,10.18,,,,,,
929,7.32,,,,,,
930,4.57,,,,,,
931,8.77,,,,,,
932,7.14,,,,,,
933,11.55,,,,,,
934,8.61,,,,,,
935,5.63,,,,,,
936,10.01,,,,,,
937,8.57,,,,,,
938,6.31,,,,,,
939,10.72,,,,,,
940,8.11,,,,,,
941,5.87,,,,,,
942,11.85,,,,,,
943,9.03,,,,,,
944,6.46,,,,,,
945,10.79,,,,,,
946,7.61,,,,,,
947,5.37,,,,,,
948,10.85,,,,,,
949,7.79,,,,,,
950,5.6,,,,,,
951,9.6,,,,,,
952,6.81,,,,,,
953,4.39,,,,,,
954,10.22,,,,,,
955,7.65,,,,,,
956,5.45,,,,,,
957,10.07,,,,,,
958,7.51,,,,,,
959,4.83,,,,,,
960,10.4,,,,,,
961,7.81,,,,,,
962,11.88,,,,,,
963,8.89,,,,,,
964,6.45,,,,,,
965,11.6,,,,,,
966,8.91,,,,,,
967,6.4,,,,,,
968,11.14,,,,,,
969,8.73,,,,,,
970,5.6,,,,,,
971,11.06,,,,,,
972,8.04,,,,,,
973,4.86,,,,,,
974,9.22,,,,,,
975,6.48,,,,,,
976,11.83,,,,,,
977,9.35,,,,,,
978,6.72,,,,,,
979,11.63,,,,,,
980,9.88,,,,,,
981,6.32,,,,,,
982,11.55,,,,,,
983,8.78,,,,,,
984,6.27,,,,,,
985,10.32,,,,,,
986,7.22,,,,,,
987,4.64,,,,,,
988,10.41,,,,,,
989,7.2,,,,,,
990,4.96,,,,,,
991,9.24,,,,,,
992,6.95,,,,,,
993,4.18,,,,,,
994,9.9,,,,,,
995,7.62,,,,,,
996,11.93,,,,,,
997,9.64,,,,,,
998,7.36,,,,,,
999,4.52,,,,,,
1000,10.04,,,,,,
1001,7.78,,,,,,
1002,12,,,,,,
1003,8.82,,,,,,
1004,6.4,,,,,,
1005,3.9,,,,,,
1006,9.7,,,,,,
1007,7.38,,,,,,
1008,11.43,,,,,,
1009,8.63,,,,,,
1010,5.51,,,,,,
1011,10.71,,,,,,
1012,7.55,,,,,,
1013,5.13,,,,,,
1014,9.75,,,,,,
1015,6.93,,,,,,
1016,4.17,,,,,,
1017,9.36,,,,,,
1018,6.44,,,,,,
1019,10.81,,,,,,
1020,8.28,,,,,,
1021,5.7,,,,,,
1022,11.63,,,,,,
1023,9.27,,,,,,
1024,6.45,,,,,,
1025,10.94,,,,,,
1026,7.79,,,,,,
1027,4.72,,,,,,
1028,10.17,,,,,,
1029,7.08,,,,,,
1030,11.83,,,,,,
1031,9.56,,,,,,
1032,6.62,,,,,,
1033,3.86,,,,,,
1034,9.76,,,,,,
1035,7.4,,,,,,
1036,5.03,,,,,,
1037,9.12,,,,,,
1038,6.51,,,,,,
1039,11.9,,,,,,
1040,9.64,,,,,,
1041,6.79,,,,,,
1042,11.48,,,,,,
1043,8.84,,,,,,
1044,6.5,,,,,,
1045,11.7,,,,,,
1046,8.8,,,,,,
1047,5.82,,,,,,
1048,10.64,,,,,,
1049,8.05,,,,,,
1050,5.27,,,,,,
1051,10.79,,,,,,
1052,7.93,,,,,,
1053,4.83,,,,,,
1054,8.81,,,,,,
1055,6.09,,,,,,
1056,11.72,,,,,,
1057,9.49,,,,,,
1058,7.25,,,,,,
1059,11.78,,,,,,
1060,9.18,,,,,,
1061,6.2,,,,,,
1062,5.02,,,,,,
1063,9.74,,,,,,
1064,6.98,,,,,,
1065,11.08,,,,,,
1066,8.32,,,,,,
1067,5.63,,,,,,
1068,11.02,,,,,,
1069,8.57,,,,,,
1070,5.46,,,,,,
1071,10.35,,,,,,
1072,7.88,,,,,,
1073,5.84,,,,,,
1074,10.45,,,,,,
1075,8.32,,,,,,
1076,5.18,,,,,,
1077,9.32,,,,,,
1078,6.43,,,,,,
1079,3.86,,,,,,
1080,9.25,,,,,,
1081,6.69,,,,,,
1082,11.62,,,,,,
1083,8.88,,,,,,
1084,6.33,,,,,,
1085,11.84,,,,,,
1086,9.02,,,,,,
1087,6.28,,,,,,
1088,10.56,,,,,,
1089,7.62,,,,,,
1090,5,,,,,,
1091,10.06,,,,,,
1092,7.78,,,,,,
1093,5.23,,,,,,
1094,9.94,,,,,,
1095,7.65,,,,,,
1096,4.54,,,,,,
1097,10.42,,,,,,
1098,7.85,,,,,,
1099,5.29,,,,,,
1100,9.8,,,,,,
1101,7.57,,,,,,
1102,4.62,,,,,,
1103,10,,,,,,
1104,7.29,,,,,,
1105,11.45,,,,,,
1106,8.88,,,,,,
1107,6.55,,,,,,
1108,11.57,,,,,,
1109,8.63,,,,,,
1110,6.13,,,,,,
1111,10.72,,,,,,
1112,7.67,,,,,,
1113,4.96,,,,,,
1114,10.26,,,,,,
1115,7.95,,,,,,
1116,4.84,,,,,,
1117,9.55,,,,,,
1118,6.7,,,,,,
1119,4.13,,,,,,
1120,9.22,,,,,,
1121,6.16,,,,,,
1122,10.43,,,,,,
1123,7.46,,,,,,
1124,4.69,,,,,,
1125,9.98,,,,,,
1126,7.13,,,,,,
1127,11.58,,,,,,
1128,8.71,,,,,,
1129,5.61,,,,,,
1130,11.05,,,,,,
1131,8.44,,,,,,
1132,5.31,,,,,,
1133,10.24,,,,,,
1134,7.9,,,,,,
1135,6.45,,,,,,
1136,10.72,,,,,,
1137,8.23,,,,,,
1138,5.86,,,,,,
1139,10.6,,,,,,
1140,9.2,,,,,,
1141,6.32,,,,,,
1142,11.12,,,,,,
1143,8.77,,,,,,
1144,5.68,,,,,,
1145,10.78,,,,,,
1146,7.96,,,,,,
1147,5.5,,,,,,
1148,9.81,,,,,,
1149,7.06,,,,,,
1150,4.62,,,,,,
1151,10.4,,,,,,
1152,7.51,,,,,,
1153,11.64,,,,,,
1154,8.97,,,,,,
1155,6.35,,,,,,
1156,12.11,,,,,,
1157,9.82,,,,,,
1158,6.82,,,,,,
1159,11.46,,,,,,
1160,8.39,,,,,,
1161,5.98,,,,,,
1162,10.83,,,,,,
1163,8.91,,,,,,
1164,6.59,,,,,,
1165,11.38,,,,,,
1166,8.45,,,,,,
1167,6.24,,,,,,
1168,11.87,,,,,,
1169,9.35,,,,,,
1170,6.81,,,,,,
1171,11.25,,,,,,
1172,8.09,,,,,,
1173,5.65,,,,,,
1174,11.48,,,,,,
1175,9.07,,,,,,
1176,6.3,,,,,,
1177,10.49,,,,,,
1178,8.08,,,,,,
1179,5.05,,,,,,
1180,11.09,,,,,,
1181,8.68,,,,,,
1182,5.98,,,,,,
1183,10.46,,,,,,
1184,7.54,,,,,,
1185,4.83,,,,,,
1186,10.45,,,,,,
1187,7.44,,,,,,
1188,4.87,,,,,,
1189,8.94,,,,,,
1190,5.9,,,,,,
1191,3.49,,,,,,
1192,8.72,,,,,,
1193,5.71,,,,,,
1194,10.03,,,,,,
1195,7.28,,,,,,
1196,4.15,,,,,,
1197,9.84,,,,,,
1198,6.78,,,,,,
1199,10.99,,,,,,
1200,8.38,,,,,,
1201,6,,,,,,
1202,3.64,,,,,,
1203,9.46,,,,,,
1204,6.8,,,,,,
1205,10.86,,,,,,
1206,8.36,,,,,,
1207,5.41,,,,,,
1208,10.53,,,,,,
1209,7.6,,,,,,
1210,4.85,,,,,,
1211,8.83,,,,,,
1212,6.2,,,,,,
1213,11.61,,,,,,
1214,9.28,,,,,,
1215,6.72,,,,,,
1216,11.26,,,,,,
1217,8.24,,,,,,
1218,5.12,,,,,,
1219,11.02,,,,,,
1220,8.44,,,,,,
1221,5.65,,,,,,
1222,10.04,,,,,,
1223,7.56,,,,,,
1224,5.06,,,,,,
1225,10.36,,,,,,
1226,7.28,,,,,,
1227,4.77,,,,,,
1228,10.32,,,,,,
1229,7.44,,,,,,
1230,4.22,,,,,,
1231,9.09,,,,,,
1232,6.34,,,,,,
1233,11.74,,,,,,
1234,8.66,,,,,,
1235,5.97,,,,,,
1236,9.96,,,,,,
1237,6.82,,,,,,
1238,3.9,,,,,,
1239,9.2,,,,,,
1240,6.48,,,,,,
1241,10.95,,,,,,
1242,8.56,,,,,,
1243,5.71,,,,,,
1244,11.51,,,,,,
1245,8.4,,,,,,
1246,6.07,,,,,,
1247,10.61,,,,,,
1248,8.04,,,,,,
1249,5.4,,,,,,
1250,10.47,,,,,,
1251,8.07,,,,,,
1252,5.58,,,,,,
1253,9.7,,,,,,
1254,7.12,,,,,,
1255,4.52,,,,,,
1256,9.96,,,,,,
1257,6.78,,,,,,
1258,4.53,,,,,,
1259,9.41,,,,,,
1260,6.96,,,,,,
1261,3.87,,,,,,
1262,8.86,,,,,,
1263,6.08,,,,,,
1264,10.33,,,,,,
1265,7.26,,,,,,
1266,4.56,,,,,,
1267,9.61,,,,,,
1268,6.46,,,,,,
1269,10.48,,,,,,
1270,7.47,,,,,,
1271,5.07,,,,,,
1272,10.86,,,,,,
1273,7.78,,,,,,
1274,5.33,,,,,,
1275,9.79,,,,,,
1276,6.71,,,,,,
1277,4.69,,,,,,
1278,8.81,,,,,,
1279,6.48,,,,,,
1280,3.94,,,,,,
1281,8.59,,,,,,
1282,5.88,,,,,,
1283,11.16,,,,,,
1284,8.57,,,,,,
1285,6.29,,,,,,
1286,10.5,,,,,,
1287,7.33,,,,,,
1288,5.52,,,,,,
1289,10.47,,,,,,
1290,7.33,,,,,,
1291,4.22,,,,,,
1292,8.54,,,,,,
1293,5.83,,,,,,
1294,11.58,,,,,,
1295,9.34,,,,,,
1296,6.92,,,,,,
1297,4.2,,,,,,
1298,8.86,,,,,,
1299,6.73,,,,,,
1300,10.99,,,,,,
1301,8.68,,,,,,
1302,6.17,,,,,,
1303,10.46,,,,,,
1304,8.88,,,,,,
1305,5.74,,,,,,
1306,9.75,,,,,,
1307,6.68,,,,,,
1308,4.2,,,,,,
1309,9.88,,,,,,
1310,7.24,,,,,,
1311,4.88,,,,,,
1312,8.86,,,,,,
1313,6.65,,,,,,
1314,3.67,,,,,,
1315,9.09,,,,,,
1316,6.86,,,,,,
1317,11.38,,,,,,
1318,8.71,,,,,,
1319,5.91,,,,,,
1320,3.48,,,,,,
1321,9.25,,,,,,
1322,6.28,,,,,,
1323,10.98,,,,,,
1324,8.79,,,,,,
1325,6.32,,,,,,
1326,4.04,,,,,,
1327,9.79,,,,,,
1328,6.88,,,,,,
1329,11.49,,,,,,
1330,9.26,,,,,,
1331,6.32,,,,,,
1332,3.59,,,,,,
1333,9.5,,,,,,
1334,6.64,,,,,,
1335,11.45,,,,,,
1336,8.7,,,,,,
1337,6.38,,,,,,
1338,3.79,,,,,,
1339,9.12,,,,,,
1340,6.86,,,,,,
1341,10.96,,,,,,
1342,9.88,,,,,,
1343,5.05,,,,,,
1344,10.98,,,,,,
1345,8.62,,,,,,
1346,6.08,,,,,,
1347,10.28,,,,,,
1348,7.44,,,,,,
1349,4.37,,,,,,
1350,8.66,,,,,,
1351,6.68,,,,,,
1352,11.33,,,,,,
1353,8.48,,,,,,
1354,6.02,,,,,,
1355,11.44,,,,,,
1356,8.67,,,,,,
1357,5.65,,,,,,
1358,9.89,,,,,,
1359,6.76,,,,,,
1360,3.64,,,,,,
1361,9.2,,,,,,
1362,6.57,,,,,,
1363,11.45,,,,,,
1364,9.07,,,,,,
1365,6.32,,,,,,
1366,3.63,,,,,,
1367,9.16,,,,,,
1368,5.98,,,,,,
1369,10.74,,,,,,
1370,7.86,,,,,,
1371,5.6,,,,,,
1372,18.31,,,,,,
1373,8.71,,,,,,
1374,6.43,,,,,,
1375,10.94,,,,,,
1376,8.58,,,,,,
1377,5.46,,,,,,
1378,11.34,,,,,,
1379,8.36,,,,,,
1380,5.65,,,,,,
1381,10.08,,,,,,
1382,7.37,,,,,,
1383,4.37,,,,,,
1384,8.6,,,,,,
1385,5.82,,,,,,
1386,11.26,,,,,,
1387,8.69,,,,,,
1388,5.84,,,,,,
1389,10.1,,,,,,
1390,7.07,,,,,,
1391,5.39,,,,,,
1392,16.7,,,,,,
1393,6.6,,,,,,
1394,4.12,,,,,,
1395,8.44,,,,,,
1396,6.87,,,,,,
1397,11.03,,,,,,
1398,8.5,,,,,,
1399,5.66,,,,,,
1400,10.26,,,,,,
1401,7.83,,,,,,
1402,6.17,,,,,,
1403,11.26,,,,,,
1404,8.23,,,,,,
1405,5.3,,,,,,
1406,9.96,,,,,,
1407,7.76,,,,,,
1408,5.61,,,,,,
1409,10.05,,,,,,
1410,7.46,,,,,,
1411,4.89,,,,,,
1412,9.84,,,,,,
1413,8.36,,,,,,
1414,5.26,,,,,,
1415,9.21,,,,,,
1416,6.43,,,,,,
1417,3.68,,,,,,
1418,8.66,,,,,,
1419,5.97,,,,,,
1420,10.18,,,,,,
1421,7.18,,,,,,
1422,4.68,,,,,,
1423,9.12,,,,,,
1424,7.93,,,,,,
1425,5.11,,,,,,
1426,9.89,,,,,,
1427,7.18,,,,,,
1428,4.38,,,,,,
1429,9.39,,,,,,
1430,6.64,,,,,,
1431,10.74,,,,,,
1432,7.77,,,,,,
1433,4.83,,,,,,
1434,9.24,,,,,,
1435,7.5,,,,,,
1436,11.5,,,,,,
1437,9.23,,,,,,
1438,6.27,,,,,,
1439,10.46,,,,,,
1440,8.5,,,,,,
1441,5.9,,,,,,
1442,10.48,,,,,,
1443,7.66,,,,,,
1444,4.58,,,,,,
1445,10.22,,,,,,
1446,7.66,,,,,,
1447,4.68,,,,,,
1448,9.47,,,,,,
1449,6.42,,,,,,
1450,4.02,,,,,,
1451,9.13,,,,,,
1452,6.06,,,,,,
1453,10.97,,,,,,
1454,7.99,,,,,,
1455,5.25,,,,,,
1456,11.04,,,,,,
1457,8.42,,,,,,
1458,5.81,,,,,,
1459,10.72,,,,,,
1460,7.59,,,,,,
1461,4.96,,,,,,
1462,10.2,,,,,,
1463,7.05,,,,,,
1464,11.54,,,,,,
1465,9.14,,,,,,
1466,6.76,,,,,,
1467,4.49,,,,,,
1468,9.81,,,,,,
1469,7.09,,,,,,
1470,11.15,,,,,,
1471,8.6,,,,,,
1472,6.25,,,,,,
1473,4.04,,,,,,
1474,9.8,,,,,,
1475,7.4,,,,,,
1476,4.74,,,,,,
1477,9.16,,,,,,
1478,6.55,,,,,,
1479,4.14,,,,,,
1480,9.18,,,,,,
1481,6.96,,,,,,
1482,11.1,,,,,,
1483,8.83,,,,,,
1484,5.93,,,,,,
1485,3.61,,,,,,
1486,9.45,,,,,,
1487,6.3,,,,,,
1488,11.28,,,,,,
1489,8.38,,,,,,
1490,5.3,,,,,,
1491,10.9,,,,,,
1492,8.08,,,,,,
1493,4.93,,,,,,
1494,9.36,,,,,,
1495,6.76,,,,,,
1496,3.63,,,,,,
1497,9.59,,,,,,
1498,7.13,,,,,,
1499,11.11,,,,,,
1500,8.39,,,,,,
1501,5.7,,,,,,
1502,11.11,,,,,,
1503,8.01,,,,,,
1504,5.69,,,,,,
1505,9.7,,,,,,
1506,6.62,,,,,,
1507,10.88,,,,,,
1508,8.61,,,,,,
1509,7.08,,,,,,
1510,11.6,,,,,,
1511,8.45,,,,,,
1512,5.3,,,,,,
1513,9.67,,,,,,
1514,8.27,,,,,,
1515,5.64,,,,,,
1516,10.1,,,,,,
1517,7.09,,,,,,
1518,4.38,,,,,,
1519,8.48,,,,,,
1520,6.52,,,,,,
1521,11.03,,,,,,
1522,8.04,,,,,,
1523,4.82,,,,,,
1524,9.65,,,,,,
1525,7.89,,,,,,
1526,5.47,,,,,,
1527,9.9,,,,,,
1528,6.74,,,,,,
1529,3.92,,,,,,
1530,8.35,,,,,,
1531,6.31,,,,,,
1532,10.86,,,,,,
1533,8.32,,,,,,
1534,6.1,,,,,,
1535,10.63,,,,,,
1536,8.02,,,,,,
1537,4.89,,,,,,
1538,10.37,,,,,,
1539,8.02,,,,,,
1540,5.06,,,,,,
1541,9.23,,,,,,
1542,6.88,,,,,,
1543,4.28,,,,,,
1544,10.27,,,,,,
1545,7.74,,,,,,
1546,5.37,,,,,,
1547,10.02,,,,,,
1548,7.29,,,,,,
1549,4.24,,,,,,
1550,9.54,,,,,,
1551,6.44,,,,,,
1552,10.78,,,,,,
1553,7.67,,,,,,
1554,4.94,,,,,,
1555,10.3,,,,,,
1556,7.38,,,,,,
1557,4.38,,,,,,
1558,8.84,,,,,,
1559,6.51,,,,,,
1560,5.24,,,,,,
1561,9.26,,,,,,
1562,6.45,,,,,,
1563,4.15,,,,,,
1564,8.09,,,,,,
1565,6.74,,,,,,
1566,10.95,,,,,,
1567,8.1,,,,,,
1568,5.42,,,,,,
1569,10.12,,,,,,
1570,7.84,,,,,,
1571,6.47,,,,,,
1572,11.23,,,,,,
1573,8.7,,,,,,
1574,5.55,,,,,,
1575,9.77,,,,,,
1576,8.47,,,,,,
1577,5.46,,,,,,
1578,10.37,,,,,,
1579,7.56,,,,,,
1580,4.53,,,,,,
1581,9.5,,,,,,
1582,7.41,,,,,,
1583,5.18,,,,,,
1584,9.14,,,,,,
1585,6.45,,,,,,
1586,4.21,,,,,,
1587,9.98,,,,,,
1588,7.24,,,,,,
1589,5.01,,,,,,
1590,9,,,,,,
1591,6.7,,,,,,
1592,3.82,,,,,,
1593,9.58,,,,,,
1594,6.82,,,,,,
1595,10.84,,,,,,
1596,8,,,,,,
1597,5.32,,,,,,
1598,10.72,,,,,,
1599,7.57,,,,,,
1600,5.12,,,,,,
1601,9.14,,,,,,
1602,6.41,,,,,,
1603,10.54,,,,,,
1604,8.91,,,,,,
1605,6.19,,,,,,
1606,10.62,,,,,,
1607,8.13,,,,,,
1608,5.69,,,,,,
1609,11.29,,,,,,
1610,8.85,,,,,,
1611,6.47,,,,,,
1612,11.13,,,,,,
1613,8.43,,,,,,
1614,6.21,,,,,,
1615,11.41,,,,,,
1616,8.94,,,,,,
1617,5.82,,,,,,
1618,10.41,,,,,,
1619,7.8,,,,,,
1620,5.42,,,,,,
1621,10.72,,,,,,
1622,7.95,,,,,,
1623,4.84,,,,,,
1624,9.67,,,,,,
1625,6.57,,,,,,
1626,3.74,,,,,,
1627,9.1,,,,,,
1628,6.44,,,,,,
1629,10.6,,,,,,
1630,7.82,,,,,,
1631,5.4,,,,,,
1632,10.84,,,,,,
1633,7.85,,,,,,
1634,5.61,,,,,,
1635,10.15,,,,,,
1636,7.49,,,,,,
1637,4.67,,,,,,
1638,10.55,,,,,,
1639,7.94,,,,,,
1640,4.87,,,,,,
1641,9.16,,,,,,
1642,6.39,,,,,,
1643,11.65,,,,,,
1644,8.59,,,,,,
1645,6.18,,,,,,
1646,10.52,,,,,,
1647,7.8,,,,,,
1648,5.53,,,,,,
1649,11.2,,,,,,
1650,8.28,,,,,,
1651,5.12,,,,,,
1652,9.28,,,,,,
1653,6.98,,,,,,
1654,4.02,,,,,,
1655,9.52,,,,,,
1656,6.57,,,,,,
1657,11.1,,,,,,
1658,8.88,,,,,,
1659,6.02,,,,,,
1660,11.1,,,,,,
1661,8.39,,,,,,
1662,5.22,,,,,,
1663,9.44,,,,,,
1664,6.71,,,,,,
1665,4.02,,,,,,
1666,9.27,,,,,,
1667,6.48,,,,,,
1668,10.83,,,,,,
1669,8.48,,,,,,
1670,5.96,,,,,,
1671,3.65,,,,,,
1672,9.59,,,,,,
1673,7.37,,,,,,
1674,5,,,,,,
1675,9.27,,,,,,
1676,6.61,,,,,,
1677,3.88,,,,,,
1678,9.71,,,,,,
1679,6.64,,,,,,
1680,10.76,,,,,,
1681,8.51,,,,,,
1682,5.91,,,,,,
1683,9.96,,,,,,
1684,7.86,,,,,,
1685,5.41,,,,,,
1686,9.87,,,,,,
1687,7.34,,,,,,
1688,4.41,,,,,,
1689,10.14,,,,,,
1690,6.33,,,,,,
1691,11.74,,,,,,
1692,8.95,,,,,,
1693,6.67,,,,,,
1694,4.04,,,,,,
1695,8.39,,,,,,
1696,6.01,,,,,,
1697,11.63,,,,,,
1698,9.13,,,,,,
1699,6.67,,,,,,
1700,10.93,,,,,,
1701,7.9,,,,,,
1702,4.78,,,,,,
1703,9.91,,,,,,
1704,6.77,,,,,,
1705,3.98,,,,,,
1706,8.92,,,,,,
1707,6.3,,,,,,
1708,11.67,,,,,,
1709,9.3,,,,,,
1710,6.26,,,,,,
1711,3.96,,,,,,
1712,8.27,,,,,,
1713,5.6,,,,,,
1714,11.38,,,,,,
1715,8.93,,,,,,
1716,6.32,,,,,,
1717,10.92,,,,,,
1718,7.75,,,,,,
1719,5.32,,,,,,
1720,10.54,,,,,,
1721,7.95,,,,,,
1722,5.31,,,,,,
1723,9.37,,,,,,
1724,7.03,,,,,,
1725,5.41,,,,,,
1726,9.5,,,,,,
1727,6.53,,,,,,
1728,10.56,,,,,,
1729,7.36,,,,,,
1730,5.89,,,,,,
1731,10.03,,,,,,
1732,7.69,,,,,,
1733,5.24,,,,,,
1734,9.9,,,,,,
1735,8.49,,,,,,
1736,5.7,,,,,,
1737,10.55,,,,,,
1738,8.17,,,,,,
1739,5.93,,,,,,
1740,11.74,,,,,,
1741,8.86,,,,,,
1742,6.01,,,,,,
1743,10.33,,,,,,
1744,7.79,,,,,,
1745,4.96,,,,,,
1746,17.26,,,,,,
1747,7.59,,,,,,
1748,11.8,,,,,,
1749,9.48,,,,,,
1750,7.04,,,,,,
1751,3.91,,,,,,
1752,9.52,,,,,,
1753,6.7,,,,,,
1754,11.32,,,,,,
1755,8.14,,,,,,
1756,4.98,,,,,,
1757,10.16,,,,,,
1758,7.27,,,,,,
1759,4.91,,,,,,
1760,9.61,,,,,,
1761,6.5,,,,,,
1762,3.81,,,,,,
1763,9.17,,,,,,
1764,6.28,,,,,,
1765,10.96,,,,,,
1766,7.84,,,,,,
1767,5.2,,,,,,
1768,9.72,,,,,,
1769,8.49,,,,,,
1770,6.32,,,,,,
1771,10.4,,,,,,
1772,7.82,,,,,,
1773,4.65,,,,,,
1774,8.96,,,,,,
1775,7.27,,,,,,
1776,11.42,,,,,,
1777,8.62,,,,,,
1778,6.23,,,,,,
1779,10.91,,,,,,
1780,7.95,,,,,,
1781,6.19,,,,,,
1782,10.95,,,,,,
1783,8.58,,,,,,
1784,6.4,,,,,,
1785,10.68,,,,,,
1786,8.81,,,,,,
1787,6.24,,,,,,
1788,10.94,,,,,,
1789,7.79,,,,,,
1790,4.86,,,,,,
1791,9.85,,,,,,
1792,7.8,,,,,,
1793,5.14,,,,,,
1794,9.14,,,,,,
1795,6.86,,,,,,
1796,10.88,,,,,,
1797,8.88,,,,,,
1798,6.46,,,,,,
1799,10.72,,,,,,
1800,8.34,,,,,,
1801,5.9,,,,,,
1802,10.61,,,,,,
1803,9.3,,,,,,
1804,6.18,,,,,,
1805,10.74,,,,,,
1806,8.17,,,,,,
1807,5.35,,,,,,
1808,9.36,,,,,,
1809,7.89,,,,,,
1810,5.07,,,,,,
1811,9.36,,,,,,
1812,6.51,,,,,,
1813,10.58,,,,,,
1814,8.8,,,,,,
1815,5.84,,,,,,
1816,10.29,,,,,,
1817,8.1,,,,,,
1818,5.8,,,,,,
1819,11.5,,,,,,
1820,8.59,,,,,,
1821,6.31,,,,,,
1822,10.67,,,,,,
1823,8.44,,,,,,
1824,5.28,,,,,,
1825,10.28,,,,,,
1826,7.72,,,,,,
1827,5.26,,,,,,
1828,10.12,,,,,,
1829,7.3,,,,,,
1830,4.34,,,,,,
1831,9.79,,,,,,
1832,6.86,,,,,,
1833,11.3,,,,,,
1834,8.9,,,,,,
1835,6.1,,,,,,
1836,10.65,,,,,,
1837,7.62,,,,,,
1838,5.45,,,,,,
1839,10.1,,,,,,
1840,6.98,,,,,,
1841,4.78,,,,,,
1842,9.36,,,,,,
1843,7.85,,,,,,
1844,4.26,,,,,,
1845,9.7,,,,,,
1846,6.86,,,,,,
1847,4.31,,,,,,
1848,8.36,,,,,,
1849,5.61,,,,,,
1850,10.72,,,,,,
1851,7.87,,,,,,
1852,5.18,,,,,,
1853,9.52,,,,,,
1854,7.16,,,,,,
1855,4.64,,,,,,
1856,9.7,,,,,,
1857,6.59,,,,,,
1858,10.92,,,,,,
1859,8.55,,,,,,
1860,6.34,,,,,,
1861,11.67,,,,,,
1862,9,,,,,,
1863,5.87,,,,,,
1864,10.32,,,,,,
1865,7.74,,,,,,
1866,5.51,,,,,,
1867,10.54,,,,,,
1868,7.76,,,,,,
1869,5.38,,,,,,
1870,10.26,,,,,,
1871,7.48,,,,,,
1872,4.68,,,,,,
1873,9.71,,,,,,
1874,6.66,,,,,,
1875,4.31,,,,,,
1876,9.16,,,,,,
1877,6.18,,,,,,
1878,4.91,,,,,,
1879,9.17,,,,,,
1880,6.67,,,,,,
1881,3.94,,,,,,
1882,8.44,,,,,,
1883,6.87,,,,,,
1884,11.32,,,,,,
1885,8.71,,,,,,
1886,5.67,,,,,,
1887,10.58,,,,,,
1888,8.03,,,,,,
1889,6.22,,,,,,
1890,10.98,,,,,,
1891,8.2,,,,,,
1892,5.83,,,,,,
1893,10.02,,,,,,
1894,8.78,,,,,,
1895,6.37,,,,,,
1896,10.91,,,,,,
1897,8.22,,,,,,
1898,5.12,,,,,,
1899,9.49,,,,,,
1900,7.46,,,,,,
1901,5.26,,,,,,
1902,9.33,,,,,,
1903,6.18,,,,,,
1904,10.68,,,,,,
1905,9.16,,,,,,
1906,6.52,,,,,,
1907,11.06,,,,,,
1908,8.27,,,,,,
1909,5.64,,,,,,
1910,9.65,,,,,,
1911,6.94,,,,,,
1912,5.16,,,,,,
1913,9.55,,,,,,
1914,6.85,,,,,,
1915,4.47,,,,,,
1916,9.38,,,,,,
1917,7.92,,,,,,
1918,5.48,,,,,,
1919,10.03,,,,,,
1920,7.63,,,,,,
1921,4.99,,,,,,
1922,9.65,,,,,,
1923,7.83,,,,,,
1924,5.01,,,,,,
1925,9.36,,,,,,
1926,6.25,,,,,,
1927,3.9,,,,,,
1928,8.1,,,,,,
1929,6.18,,,,,,
1930,10.16,,,,,,
1931,7.68,,,,,,
1932,5.08,,,,,,
1933,9.97,,,,,,
1934,8.85,,,,,,
1935,6.3,,,,,,
1936,11.15,,,,,,
1937,8.47,,,,,,
1938,6.04,,,,,,
1939,3.81,,,,,,
1940,8.97,,,,,,
1941,6.63,,,,,,
1942,11.31,,,,,,
1943,8.99,,,,,,
1944,6.72,,,,,,
1945,10.74,,,,,,
1946,8.88,,,,,,
1947,6.26,,,,,,
1948,10.59,,,,,,
1949,7.97,,,,,,
1950,5.49,,,,,,
1951,9.74,,,,,,
1952,7.73,,,,,,
1953,5.52,,,,,,
1954,9.82,,,,,,
1955,7.16,,,,,,
1956,4.63,,,,,,
1957,9.77,,,,,,
1958,7,,,,,,
1959,11.68,,,,,,
1960,8.82,,,,,,
1961,6.12,,,,,,
1962,3.72,,,,,,
1963,9.49,,,,,,
1964,6.53,,,,,,
1965,10.65,,,,,,
1966,8.12,,,,,,
1967,5.34,,,,,,
1968,9.46,,,,,,
1969,7.8,,,,,,
1970,5.39,,,,,,
1971,9.96,,,,,,
1972,7.32,,,,,,
1973,4.86,,,,,,
1974,10.44,,,,,,
1975,7.81,,,,,,
1976,5.32,,,,,,
1977,9.7,,,,,,
1978,6.54,,,,,,
1979,10.84,,,,,,
1980,9.58,,,,,,
1981,6.82,,,,,,
1982,11.5,,,,,,
1983,9.22,,,,,,
1984,6.34,,,,,,
1985,4.08,,,,,,
1986,9.53,,,,,,
1987,6.67,,,,,,
1988,11.51,,,,,,
1989,9.06,,,,,,
1990,6.76,,,,,,
1991,4.54,,,,,,
1992,10.56,,,,,,
1993,8.1,,,,,,
1994,5.75,,,,,,
1995,10.02,,,,,,
1996,6.9,,,,,,
1997,4.22,,,,,,
1998,9.8,,,,,,
1999,7.34,,,,,,
2000,5,,,,,,